{"i":1000,"val_loss_history":[1.7114278403195],"val_loss_history_it":[1000],"forward_backward_times":{},"opt":{"cudnn":0,"max_epochs":50,"checkpoint_every":1000,"batch_size":50,"memory_benchmark":0,"init_from":"","grad_clip":5,"model_type":"lstm","lr_decay_every":5,"print_every":1,"wordvec_size":64,"seq_length":50,"input_json":"data\/shakespeare.json","num_layers":2,"input_h5":"data\/shakespeare.h5","reset_iterations":1,"rnn_size":128,"dropout":0,"checkpoint_name":"cv\/checkpoint","batchnorm":0,"learning_rate":0.002,"speed_benchmark":0,"gpu_backend":"cuda","lr_decay_factor":0.5,"gpu":0},"train_loss_history":[4.1836314201355,4.1012177467346,3.9692497253418,3.8085827827454,3.6264934539795,3.4973266124725,3.4085683822632,3.4084393978119,3.3576183319092,3.3919422626495,3.3957450389862,3.3216805458069,3.3934664726257,3.3051660060883,3.3099663257599,3.303323507309,3.2730071544647,3.2786667346954,3.2428658008575,3.2663922309875,3.2565815448761,3.295806646347,3.2661867141724,3.2461023330688,3.2719027996063,3.2069277763367,3.2375314235687,3.2007513046265,3.1463053226471,3.19575548172,3.1335000991821,3.1415226459503,3.0651791095734,3.1016235351562,3.0615055561066,3.1254060268402,3.0805730819702,3.0813064575195,3.0286972522736,2.993485212326,2.9590656757355,2.9482972621918,2.9905304908752,2.9450981616974,2.9766619205475,2.9361319541931,2.9069652557373,2.9097092151642,2.9192130565643,2.8741254806519,2.8351316452026,2.8294639587402,2.847208738327,2.8321516513824,2.7196183204651,2.7613520622253,2.734103679657,2.7652127742767,2.7432081699371,2.7351064682007,2.7245259284973,2.6905512809753,2.6612720489502,2.6927928924561,2.6372237205505,2.6530363559723,2.6548323631287,2.6531538963318,2.6270604133606,2.6531367301941,2.6445546150208,2.56614112854,2.5477197170258,2.5808410644531,2.5437576770782,2.5199241638184,2.5466613769531,2.4943940639496,2.5787301063538,2.5230338573456,2.5265567302704,2.5085136890411,2.4950220584869,2.5007650852203,2.5160927772522,2.5172021389008,2.4486248493195,2.5157260894775,2.4509611129761,2.4627175331116,2.4433343410492,2.4552638530731,2.3975684642792,2.4295790195465,2.4457883834839,2.4539928436279,2.4707295894623,2.3590161800385,2.3956627845764,2.4202942848206,2.4045736789703,2.3829908370972,2.3548023700714,2.4018323421478,2.3531808853149,2.4021124839783,2.4007592201233,2.3095169067383,2.3078758716583,2.3403227329254,2.3370544910431,2.4087784290314,2.3866813182831,2.3218774795532,2.3654072284698,2.3280379772186,2.4015636444092,2.2998538017273,2.3190412521362,2.3095543384552,2.3055059909821,2.2979779243469,2.3178417682648,2.3138790130615,2.3334431648254,2.3088903427124,2.2951245307922,2.288064956665,2.2705743312836,2.2617301940918,2.2717909812927,2.2801673412323,2.3028373718262,2.2633957862854,2.2505333423615,2.2924642562866,2.2797803878784,2.2626173496246,2.2669415473938,2.2475728988647,2.2755062580109,2.2679264545441,2.3374195098877,2.2897608280182,2.2051475048065,2.2643141746521,2.2103674411774,2.2644371986389,2.264652967453,2.2521955966949,2.2366480827332,2.2443895339966,2.228577375412,2.2403137683868,2.21568775177,2.2346534729004,2.2101600170135,2.2141673564911,2.2342309951782,2.2377731800079,2.2283730506897,2.2454881668091,2.2181880474091,2.2217082977295,2.1625959873199,2.1978974342346,2.1694552898407,2.1943850517273,2.1752874851227,2.1643614768982,2.1872344017029,2.1601567268372,2.2161009311676,2.1929039955139,2.2140464782715,2.2091844081879,2.1773054599762,2.1653690338135,2.2052180767059,2.1600694656372,2.1724836826324,2.1812427043915,2.1417298316956,2.1600296497345,2.1162137985229,2.1229944229126,2.1323864459991,2.163008928299,2.1406118869781,2.1608829498291,2.1645212173462,2.1468651294708,2.1684045791626,2.0908770561218,2.1276216506958,2.1122770309448,2.1299555301666,2.1148633956909,2.0629782676697,2.1127307415009,2.0893077850342,2.0851333141327,2.0769226551056,2.1807105541229,2.0894305706024,2.1447033882141,2.1622352600098,2.0701856613159,2.1048920154572,2.1359388828278,2.1156799793243,2.0623705387115,2.0690019130707,2.0571310520172,2.119122505188,2.1314280033112,2.0977120399475,2.083477973938,2.1464653015137,2.1561503410339,2.1160278320312,2.0183396339417,2.0882174968719,2.06041264534,2.0723955631256,2.0722625255585,2.1392147541046,2.1021144390106,2.0590760707855,2.0658895969391,2.0615780353546,2.0800564289093,2.0229768753052,2.0615844726562,2.0676176548004,2.0558323860168,2.0510809421539,2.0556910037994,2.0254492759705,2.0554134845734,2.0382549762726,2.0381381511688,2.0608384609222,2.0002562999725,2.1092889308929,2.0342991352081,2.0610563755035,2.0269417762756,2.0527155399323,2.0669901371002,2.1144154071808,2.0872383117676,2.0554530620575,2.0435094833374,2.0694732666016,2.0482969284058,2.0434713363647,2.0518753528595,2.0448389053345,2.0370082855225,2.0382478237152,2.056770324707,2.0648262500763,1.9810423851013,2.050726890564,2.0076038837433,1.996032834053,2.0236301422119,2.0113346576691,2.0312063694,2.0344259738922,2.0278778076172,2.0433750152588,2.0176751613617,2.0456647872925,2.029226064682,2.0256426334381,2.0187904834747,2.0038900375366,1.9974451065063,1.9934017658234,2.0100526809692,1.9859628677368,2.0193762779236,1.9855666160583,2.0207333564758,2.010240316391,1.9964627027512,1.9905235767365,2.011572599411,2.0285367965698,1.972382068634,1.9548951387405,1.9889204502106,2.0105307102203,1.9551955461502,1.9831442832947,1.9434015750885,2.0571765899658,1.9784640073776,2.0157914161682,1.9950091838837,1.9580628871918,1.9535076618195,2.0362405776978,2.0187323093414,2.0112924575806,2.0173058509827,1.9708572626114,1.9842121601105,1.9748477935791,1.9611148834229,1.9703172445297,1.9441919326782,1.9262202978134,1.9568549394608,1.9870318174362,1.964737534523,1.9704623222351,1.9785115718842,1.9607328176498,1.9975439310074,1.9751492738724,1.9354306459427,1.9722769260406,1.9837120771408,1.9656294584274,1.9445177316666,1.9256151914597,1.9410154819489,1.9743025302887,1.9591960906982,2.015855550766,1.9792982339859,1.9362860918045,1.9689069986343,1.9358310699463,1.9891214370728,1.920246720314,1.9175349473953,1.9760699272156,1.924647808075,1.9144058227539,1.9934830665588,1.9254373311996,2.0109457969666,1.9246960878372,1.9426122903824,1.9446920156479,1.9248439073563,1.9222712516785,1.9300265312195,1.9247720241547,1.955836892128,1.9238831996918,2.0104081630707,2.0003297328949,1.8892433643341,1.9284352064133,1.8938773870468,1.9579600095749,1.8996609449387,1.9396684169769,1.906772851944,1.9247398376465,1.9194564819336,1.8790928125381,1.8717564344406,1.8929384946823,1.9031275510788,1.9615306854248,1.9602925777435,1.912041425705,1.913952589035,1.895721077919,1.9000341892242,1.8839313983917,1.8822813034058,1.8680765628815,1.8412058353424,1.9248394966125,1.8599189519882,1.8689984083176,1.847442984581,1.8682029247284,1.8872755765915,1.9084815979004,1.9210165739059,1.8719708919525,1.8960894346237,1.8516453504562,1.920170545578,1.9275841712952,1.9021677970886,1.8620976209641,1.864074587822,1.8685624599457,1.8099497556686,1.8475203514099,1.8475852012634,1.8580052852631,1.8999155759811,1.8984540700912,1.8995091915131,1.8595967292786,1.8627051115036,1.837859749794,1.8785773515701,1.8658970594406,1.8474653959274,1.8559499979019,1.8339868783951,1.8613718748093,1.8597794771194,1.840222120285,1.9311912059784,1.8957953453064,1.8388230800629,1.8735592365265,1.9060801267624,1.8450894355774,1.8574380874634,1.8562052249908,1.8694633245468,1.8903741836548,1.9200350046158,1.9198734760284,1.9184486865997,1.8697865009308,1.8520412445068,1.9134459495544,1.8817710876465,1.8645527362823,1.8218911886215,1.8695065975189,1.877826333046,1.8881003856659,1.8793449401855,1.9149476289749,1.8407927751541,1.8787478208542,1.8870365619659,1.8008452653885,1.8466508388519,1.8184187412262,1.8377639055252,1.8423972129822,1.8502236604691,1.8439277410507,1.8128089904785,1.8365632295609,1.8489322662354,1.8238506317139,1.7698907852173,1.8053312301636,1.8543267250061,1.8121237754822,1.7970778942108,1.7845664024353,1.7864634990692,1.8187998533249,1.850825548172,1.8202990293503,1.7710566520691,